code,name,sector,ambush_type,close,ret_1m,ret_3m,ret_6m,rs_3m,rs_6m,dd_from_120h,ann_vol_20d,above_ma60,vol_ratio,score
603259,药明康德,创新药医美,趋势回撤埋伏,167.34,0.0847215920140014,0.3853795844026824,0.7704189589504868,0.4798625505377664,0.8003244565628823,-0.0036913550845439,0.352380582089543,True,0.6286193596014557,1.1700000000000002
601857,中国石油,能源红利,底仓埋伏,11.21,0.0044802867383513,0.3095794392523365,-0.0603520536462698,0.4040624053874205,-0.0304465560338743,-0.045144804088586,0.208165289628405,True,0.8188416274476009,1.0856427551729009
601398,工商银行,红利银行,底仓埋伏,8.28,0.0260223048327137,0.1744680851063829,0.1189189189189188,0.2689510512414669,0.1488244165313142,0.0,0.1451580929826072,True,0.7353370949498048,1.0831714254596918
600795,国电电力,电力公用,底仓埋伏,5.34,0.0308880308880308,0.1710526315789473,0.1218487394957983,0.2655355977140313,0.1517542371081938,-0.0111111111111111,0.2187923486246204,True,0.9576528524254152,1.0793674655718115
601225,陕西煤业,能源红利,底仓埋伏,26.03,-0.05756698044895,0.2106976744186046,0.0264195583596216,0.3051806405536886,0.056325055972017,-0.05756698044895,0.2183920980715568,True,0.7734540538390152,1.0743851977742531
601088,中国神华,能源红利,底仓埋伏,47.8,-0.020090200902009,0.2028183190739807,0.0215858089335327,0.2973012852090647,0.0514913065459282,-0.0388095716871104,0.2086912091029667,True,0.6909790530155213,1.0563353586130593
600886,国投电力,电力公用,底仓埋伏,15.24,0.1124087591240876,0.1687116564417179,0.0979827089337175,0.2631946225768019,0.127888206546113,-0.0058708414872797,0.1786217450437192,True,0.9448391399455798,1.056060885875134
601288,农业银行,红利银行,底仓埋伏,6.97,0.0072254335260115,0.1655518394648827,0.0959119496855345,0.2600348055999667,0.1258174472979299,-0.0196905766526021,0.1814510457196069,True,0.7620950094872557,1.048716607918284
600036,招商银行,红利银行,底仓埋伏,41.26,0.0284147557328016,0.1589887640449436,0.0722453222453223,0.2534717301800276,0.1021508198577177,-0.0136265837915371,0.1532889656863602,True,0.6581900945310969,1.0179697702102242
600000,浦发银行,红利银行,底仓埋伏,9.48,0.0349344978165939,0.1449275362318842,-0.0114702815432742,0.2394105023669682,0.0184352160691212,-0.0236869207003089,0.214788741960236,True,1.1812759720756392,0.97568707711584
600900,长江电力,电力公用,底仓埋伏,28.54,0.0160199359202561,0.0909785932721711,0.0831119544592029,0.1854615594072551,0.1130174520715984,-0.0322143099355713,0.126123062071395,True,0.7241955237069033,0.904244768590338
300760,迈瑞医疗,创新药医美,趋势回撤埋伏,161.32,-0.0164614071454701,0.1700877638354971,-0.0390755301405766,0.2645707299705812,-0.0091700325281811,-0.0507796410709031,0.2100784894237813,True,0.677586714554063,0.8988912879245012
300122,智飞生物,创新药医美,趋势回撤埋伏,13.98,0.0234260614934114,0.1487263763352506,-0.0796576695194206,0.2432093424703346,-0.0497521719070251,-0.1501519756838905,0.4211532437441949,True,1.0636556545318532,0.8279750789209821
600938,中国海油,能源红利,底仓埋伏,33.42,-0.0371650821089023,0.2721735820327371,-0.1772525849335301,0.3666565481678211,-0.1473470873211346,-0.1541381928625663,0.2808645447962057,True,0.5919098897092878,0.7921223301430923
600028,中国石化,能源红利,底仓埋伏,5.28,-0.0149253731343284,0.1733333333333333,-0.0817391304347825,0.2678162994684173,-0.051833632822387,-0.0604982206405694,0.2851055177647177,True,0.8102714430355592,0.7706024327852415
601985,中国核电,电力公用,底仓埋伏,9.07,0.0202474690663667,0.0485549132947977,0.0088987764182424,0.1430378794298817,0.0388042740306379,-0.0076586433260393,0.139641664337952,True,0.8332343447232052,0.7685116021982975
002463,沪电股份,科技回调精选,回调埋伏,115.93,-0.0718917620686894,-0.1117155773503945,0.4732494599059602,-0.0172326112153105,0.5031549575183557,-0.2520162591134912,0.52766574478376,False,0.7157563227580759,0.7589812998124411
601166,兴业银行,红利银行,底仓埋伏,18.05,0.0290763968072977,0.0580304806565066,-0.0076965365585487,0.1525134467915906,0.0222089610538467,-0.0549738219895288,0.1186477487128322,True,0.5975943702414221,0.6922913730679405
600023,浙能电力,电力公用,底仓埋伏,5.22,0.069672131147541,0.0077220077220077,0.0,0.1022049738570917,0.0299054976123954,-0.1869158878504673,0.1514264583145836,True,1.0454414728948995,0.6378933510326814
002567,唐人神,生猪养殖,周期左侧埋伏,3.7,-0.0339425587467362,0.0393258426966292,-0.0931372549019607,0.1338088088317132,-0.0632317572895653,-0.1454965357967667,0.4050075353681993,False,0.8623741332884233,0.6202704500654315
601138,工业富联,科技回调精选,回调埋伏,58.2,-0.1024059222702036,-0.0815843459050023,0.1970382558617853,0.0128986202300817,0.2269437534741808,-0.2761194029850746,0.3557822226198201,False,0.4656311269556337,0.5547725191934917
600809,山西汾酒,白酒消费,趋势回撤埋伏,115.6,-0.0099349092154849,0.1265958483578597,-0.1749928632600629,0.2210788144929437,-0.1450873656476674,-0.1573729863692688,0.300685795833404,False,0.6142811404799918,0.5318719735691648
002714,牧原股份,生猪养殖,周期左侧埋伏,42.45,0.0033089104230679,0.1365461847389559,-0.0084092501751926,0.2310291508740399,0.0214962474372027,-0.0775749674054758,0.2935061357647912,True,0.5821400704877062,0.5130494695230342
000876,新希望,生猪养殖,周期左侧埋伏,6.92,-0.0253521126760563,0.008746355685131,-0.1632406287787182,0.103229321820215,-0.1333351311663227,-0.22508398656215,0.4418849497034551,False,0.6625330494911315,0.5091446743433288
300498,温氏股份,生猪养殖,周期左侧埋伏,15.12,0.0595655220742816,0.1471927162367223,-0.0907997594708358,0.2416756823718063,-0.0608942618584403,-0.1121550205519672,0.2918604087263368,True,0.5559564676288422,0.4663008187824992
600519,贵州茅台,白酒消费,趋势回撤埋伏,1258.62,-0.0314731593203645,0.0462344139650872,-0.0958059742237676,0.1407173801001712,-0.0659004766113722,-0.1256425931586406,0.15374163675663,False,0.8313093383311385,0.4505709028912104
000661,长春高新,创新药医美,趋势回撤埋伏,71.83,-0.0187158469945355,0.0393575459412529,-0.1674779786740844,0.1338405120763369,-0.1375724810616889,-0.2004674977738202,0.2889310929577686,False,0.4670132894574176,0.3808549368880554
002594,比亚迪,新能源电池,早期布局埋伏,83.31,-0.0554421768707482,0.0012017786323759,-0.2117513482827135,0.0956847447674599,-0.1818458506703181,-0.2079292641186537,0.2108126871037509,False,0.5723589040922189,0.2767558600451734
600276,恒瑞医药,创新药医美,趋势回撤埋伏,47.2,0.0245278923377469,-0.1175920732847261,-0.150467962562995,-0.023109107149642,-0.1205624649505995,-0.1795584912219711,0.3179473428067506,False,0.7648614407619436,0.1119536351701646
300502,新易盛,科技回调精选,回调埋伏,389.0,-0.0320252818075497,-0.2357563850687623,0.1906948270584634,-0.1412734189336782,0.2206003246708588,-0.3628069255843666,0.6059766133148006,False,0.5966626061960468,0.0921881056560661
688041,海光信息,科技回调精选,回调埋伏,226.8,-0.1067349350137849,-0.2962859536442335,0.0520456443083774,-0.2018029875091495,0.0819511419207729,-0.387523629489603,0.3808683747013211,False,0.7464331949003129,0.0523155360201492
000568,泸州老窖,白酒消费,趋势回撤埋伏,72.28,-0.0612987012987013,-0.0064604810996563,-0.2835051546391752,0.0880224850354276,-0.2535996570267798,-0.2683469986840774,0.3174310638636105,False,0.7798067690249003,-0.044439252557654
000858,五粮液,白酒消费,趋势回撤埋伏,70.06,-0.0169776904728496,-0.012126339537507,-0.3055114988104678,0.0823566265975769,-0.2756060011980723,-0.3061305338219272,0.1469102578942751,False,0.5129321218187773,-0.0722428730828194
300308,中际旭创,科技回调精选,回调埋伏,808.44,-0.0510153773917125,-0.2927034120734908,0.3747109236838526,-0.1982204459384068,0.4046164212962481,-0.4151613579970049,0.6467266293169792,False,0.5810155870270295,-0.2131036656521338
300014,亿纬锂能,新能源电池,早期布局埋伏,49.81,-0.0517799352750808,-0.1839777195281782,-0.274224100247705,-0.0894947533930942,-0.2443186026353095,-0.3365743207245604,0.3717665103459554,False,0.6323215163379029,-0.3565454382158173
300750,宁德时代,新能源电池,早期布局埋伏,291.11,-0.1992573236143584,-0.2358314739467121,-0.2806592700585633,-0.1413485078116281,-0.2507537724461678,-0.3652202354993458,0.3326921616049978,False,0.9076019205984388,-0.4550303320178648
300274,阳光电源,新能源电池,早期布局埋伏,82.49,-0.0921197446621175,-0.351493710691824,-0.4704711773013224,-0.25701074455674,-0.4405656796889269,-0.5645816838215888,0.2998718792681861,False,0.6277555277115653,-0.8150718839532736
