code,name,sector,close,ret_1m,ret_3m,ret_6m,ret_1y,rs_3m,rs_6m,dd_from_120h,ann_vol_20d,above_ma60,vol_ratio_5_60,score
603259,药明康德,创新药,161.8,0.014865458194819103,0.30483870967741944,0.746545768566494,0.5830153605322377,0.4331019075154062,0.7770936103025924,-0.036675398904501,0.32978790624150417,True,0.6593407729904446,1.55
002493,荣盛石化,能源资源,13.69,-0.04732080723729992,0.27348837209302324,0.16609880749574102,0.43651626442812175,0.40175156993101,0.1966466492318394,-0.09577278731836203,0.46797312007000036,True,0.8316654885302363,1.4466466492318395
601088,中国神华,能源资源,48.39,0.012343096234309625,0.2730860299921074,0.03707672524646388,0.3341604631927211,0.4013492278300942,0.06762456698256225,-0.026945505730947006,0.2102475348808775,True,0.6685891655882017,1.1176245669825624
601225,陕西煤业,能源资源,25.85,-0.042592592592592515,0.2702702702702702,0.020529016975918024,0.3435550935550937,0.39853346810825696,0.05107685871201639,-0.06408399710354817,0.2508110551558109,True,0.7045352345129239,1.0981437949285304
002714,牧原股份,生猪养殖,41.71,0.022303921568627594,0.1920548728208058,-0.04290959155575946,-0.2566387453216895,0.3203180706587926,-0.012361749819661094,-0.09365493263798352,0.29408176075147274,True,0.5534636682224569,1.078274391497924
600938,中国海油,能源资源,33.5,-0.009461856889414588,0.2560929883764529,-0.17181705809641534,0.335725677830941,0.3843561862144397,-0.14126921636031697,-0.15211338901543914,0.2871982828783352,True,0.6625756996784966,1.0774431560685624
300498,温氏股份,生猪养殖,14.91,0.0514809590973202,0.2102272727272727,-0.09526699029126218,-0.21650026274303735,0.3384904705652595,-0.06471914855516381,-0.12448620082207873,0.292397148537046,True,0.5436523502267364,1.0622617925753552
601857,中国石油,能源资源,11.19,0.0341959334565618,0.32897862232779085,-0.02099737532808399,0.39874999999999994,0.45724182016577763,0.00955046640801438,-0.07136929460580921,0.2136432571768864,True,0.8494731330691125,1.0595504664080144
600795,国电电力,电力公用,5.4,0.03250478011472269,0.19205298013245042,0.086519114688129,0.09090909090909105,0.3203161779704372,0.11706695642422738,0.0,0.21780944017876958,True,0.9303603411036984,1.007699312365102
600886,国投电力,电力公用,15.33,0.10208483105679367,0.19765624999999987,0.06680584551148239,0.12225475841874078,0.32591944783798665,0.09735368724758076,0.0,0.17211876074878799,True,0.8642426807795894,0.9991925829235541
600028,中国石化,能源资源,5.41,0.022684310018903586,0.2130044843049328,-0.06239168110918536,-0.0036832412523019054,0.3412676821429196,-0.03184383937308699,-0.0672413793103448,0.26034900239925235,True,0.8830996788758508,0.9006915249127522
300760,迈瑞医疗,创新药,158.29,-0.014996888612321069,0.17687732342007423,-0.01932965739421355,-0.3390814196242171,0.305140521258061,0.011218184341884818,-0.06860841423948216,0.2211392994061626,True,0.6444872213907471,0.8714992268580068
600900,长江电力,电力公用,28.55,0.016014234875444844,0.11176012461059193,0.0765460030165912,0.05740740740740735,0.2400233224485787,0.10709384475268957,-0.03187521193624954,0.12827975831993893,True,0.7257634490557308,0.837140489649847
600023,浙能电力,电力公用,5.19,0.054878048780487854,0.04216867469879526,-0.03531598513011147,0.07453416149068337,0.17043187253678205,-0.004768143394013102,-0.19158878504672894,0.15915890145091904,True,0.9916021325570408,0.7860956016795511
002567,唐人神,生猪养殖,3.63,-0.044736842105263186,0.08358208955223878,-0.09022556390977454,-0.27254509018036077,0.21184528739022557,-0.05967772217367617,-0.1616628175519631,0.4046112367441104,False,1.0431554920673765,0.664012852606775
000876,新希望,生猪养殖,6.82,-0.03536067892503536,0.08771929824561409,-0.16216216216216217,-0.346743295019157,0.21598249608360087,-0.1316143204260638,-0.23628219484882418,0.4445321642635301,False,0.7781430099249496,0.600350671741138
600104,上汽集团,汽车整车,10.77,0.0517578125,0.13368421052631585,-0.23562810503903475,-0.4243719935863175,0.26194740836430264,-0.20508026330293638,-0.22906227630637088,0.269458782400369,True,0.6473633004010694,0.5688145534256689
601985,中国核电,电力公用,9.0,0.011235955056179803,0.014656144306651742,-0.00990099009900991,0.0428736964078793,0.14291934214463853,0.02064685163708846,-0.015317286652078876,0.1407403259652848,True,0.7563188271612367,0.5564855359263655
600011,华能国际,电力公用,6.94,0.026627218934911268,-0.03477051460361613,-0.02664796633941091,-0.04670329670329665,0.09349268323437065,0.0038998753966874578,-0.2585470085470084,0.1878845677211908,True,0.6112909250289807,0.5408852418654289
300122,智飞生物,创新药,12.93,-0.138,0.10607356715141147,-0.125169147496617,-0.41493212669683266,0.23433676498939826,-0.09462130576051864,-0.21398176291793314,0.376659005986967,False,0.9388687478412177,0.47405222421827786
688180,君实生物,创新药,34.84,-0.020522912566769635,0.03015966883500898,0.07332101047443018,-0.2700607584328514,0.15842286667299577,0.10386885221052855,-0.22646536412078144,0.3303957331000519,False,0.8348013748998787,0.4207145855565201
000661,长春高新,创新药,70.5,-0.08489096573208732,0.05855855855855863,-0.1660752306600426,-0.43236714975845414,0.1868217563965454,-0.13552738892394423,-0.21527159394479078,0.32053746457641724,False,0.5215805341648119,0.2381161238691466
601138,工业富联,科技对照,58.92,-0.07735671782023168,-0.17594405594405593,0.20024444897127713,0.014812263176024798,-0.047680858106069146,0.2307922907073755,-0.26716417910447765,0.37207345316148216,False,0.5701935972575056,0.23543057449523722
002594,比亚迪,汽车整车,83.35,-0.08897147229205382,0.05054197126291893,-0.18904456119867685,-0.21538171891179525,0.17880516910090571,-0.15849671946257848,-0.20754896368130837,0.24602447719458906,False,0.6481661061835544,0.19911361873923294
600733,北汽蓝谷,汽车整车,4.95,-0.03131115459882583,0.01642710472279263,-0.3076923076923077,-0.4342857142857143,0.14469030256077942,-0.27714446595620934,-0.3319838056680162,0.3615079361289135,False,1.3597586714722836,0.062236139165349494
002124,天邦食品,生猪养殖,2.0,-0.1341991341991342,-0.05213270142180093,-0.15254237288135586,-0.37106918238993714,0.07613049641618586,-0.12199453114525749,-0.36305732484076436,0.5917290100637408,False,1.4772608982296245,0.030266461687114235
000625,长安汽车,汽车整车,7.05,-0.007042253521126751,0.0,-0.2864372469635629,-0.43145161290322587,0.1282631978379868,-0.2558894052274645,-0.29710867397806573,0.16231198300204927,False,0.6486004271315606,0.0006369904485090672
688256,寒武纪,科技对照,1020.0,-0.026717557251908386,-0.36072200808498633,0.4850404018344616,0.09692752750384459,-0.23245881024699955,0.51558824357056,-0.36072200808498633,0.4580311286521934,False,0.6094236471278529,-0.0649176204939991
600276,恒瑞医药,创新药,44.47,-0.06595253098088638,-0.14546502690238283,-0.135329574178495,-0.3468938170069027,-0.017201829064396046,-0.10478173244239664,-0.22701199374239533,0.2895304512752829,False,0.7365858252301065,-0.13918539057118873
601238,广汽集团,汽车整车,5.09,-0.0019607843137254832,-0.07956600361663657,-0.3540609137055838,-0.34152652005174655,0.048697194221350215,-0.3235130719694854,-0.30559345156889495,0.4187316930712248,False,0.0,-0.226118683526785
600418,江淮汽车,汽车整车,25.22,0.1946944576030316,-0.023615950445218692,-0.4428981665562183,-0.5455855855855856,0.1046472473927681,-0.4123503248201199,-0.5093385214007782,0.6738041644798248,True,1.8513761227094745,-0.2530558300345837
300502,新易盛,科技对照,399.7,-0.022977267171840676,-0.34151565074135093,0.22716526971846118,0.4768696423292935,-0.21325245290336414,0.25771311145455955,-0.34528002096676447,0.6024638111466439,False,0.6747153427139136,-0.31879179435216876
300308,中际旭创,科技对照,815.0,-0.059021844548099556,-0.3582677165354331,0.32909328114807557,0.8583122420594205,-0.23000451869744631,0.35964112288417394,-0.4104157473251684,0.6480775520683629,False,0.6485682057328681,-0.3503679145107187
