,S1_dual_momentum,S2_cs_sector_momentum,S3_short_reversal,S4_ma200,S5_vol_target,S6_low_vol,S7_tsmom,S8_size_rv,S9_donchian,B0_csi300,B1_ew_multi,B2_ew_sector,B3_size_barbell
S1_dual_momentum,1.0,0.525,0.353,0.424,0.434,0.316,0.72,0.465,0.345,0.454,0.566,0.427,0.472
S2_cs_sector_momentum,0.525,1.0,0.699,0.719,0.717,0.675,0.711,0.758,0.57,0.756,0.751,0.823,0.76
S3_short_reversal,0.353,0.699,1.0,0.678,0.788,0.812,0.584,0.835,0.58,0.83,0.795,0.88,0.823
S4_ma200,0.424,0.719,0.678,1.0,0.75,0.705,0.619,0.79,0.834,0.841,0.758,0.778,0.789
S5_vol_target,0.434,0.717,0.788,0.75,1.0,0.79,0.652,0.892,0.619,0.936,0.843,0.868,0.887
S6_low_vol,0.316,0.675,0.812,0.705,0.79,1.0,0.539,0.789,0.611,0.846,0.775,0.898,0.783
S7_tsmom,0.72,0.711,0.584,0.619,0.652,0.539,1.0,0.689,0.45,0.672,0.808,0.656,0.701
S8_size_rv,0.465,0.758,0.835,0.79,0.892,0.789,0.689,1.0,0.673,0.947,0.924,0.913,0.993
S9_donchian,0.345,0.57,0.58,0.834,0.619,0.611,0.45,0.673,1.0,0.727,0.652,0.67,0.675
B0_csi300,0.454,0.756,0.83,0.841,0.936,0.846,0.672,0.947,0.727,1.0,0.908,0.922,0.939
B1_ew_multi,0.566,0.751,0.795,0.758,0.843,0.775,0.808,0.924,0.652,0.908,1.0,0.881,0.926
B2_ew_sector,0.427,0.823,0.88,0.778,0.868,0.898,0.656,0.913,0.67,0.922,0.881,1.0,0.91
B3_size_barbell,0.472,0.76,0.823,0.789,0.887,0.783,0.701,0.993,0.675,0.939,0.926,0.91,1.0
